State or Territory,District or Representation Type,Family name,Given name,District ,Party ,Office Room ,Phone 
North Carolina,12,Adams,Alma,North Carolina 12th ,D ,2436 RHOB ,(202) 225-1510 
Alabama,4,Aderholt,Robert,Alabama 4th ,R ,266 CHOB ,(202) 225-4876 
California,31,Aguilar,Pete,California 31st ,D ,109 CHOB ,(202) 225-3201 
Georgia,12,Allen,Rick,Georgia 12th ,R ,570 CHOB ,(202) 225-2823 
Texas,32,Allred,Colin,Texas 32nd ,D ,114 CHOB ,(202) 225-2231 
Nevada,2,Amodei,Mark,Nevada 2nd ,R ,104 CHOB ,(202) 225-6155 
North Dakota,At Large,Armstrong,Kelly,North Dakota At Large ,R ,1740 LHOB ,(202) 225-2611 
Texas,19,Arrington,Jodey,Texas 19th ,R ,1107 LHOB ,(202) 225-4005 
Massachusetts,4,Auchincloss,Jake,Massachusetts 4th ,D ,1524 LHOB ,(202) 225-5931 
Iowa,3,Axne,Cynthia,Iowa 3rd ,D ,1034 LHOB ,(202) 225-5476 
Texas,36,Babin,Brian,Texas 36th ,R ,2236 RHOB ,(202) 225-1555 
Nebraska,2,Bacon,Don,Nebraska 2nd ,R ,1024 LHOB ,(202) 225-4155 
Indiana,4,Baird,James,Indiana 4th ,R ,1314 LHOB ,(202) 225-5037 
Ohio,12,Balderson,Troy,Ohio 12th ,R ,2429 RHOB ,(202) 225-5355 
Indiana,3,Banks,Jim,Indiana 3rd ,R ,1713 LHOB ,(202) 225-4436 
Kentucky,6,Barr,Andy,Kentucky 6th ,R ,2430 RHOB ,(202) 225-4706 
California,44,Barragán,Nanette,California 44th ,D ,2246 RHOB ,(202) 225-8220 
California,37,Bass,Karen,California 37th ,D ,2021 RHOB ,(202) 225-7084 
Ohio,3,Beatty,Joyce,Ohio 3rd ,D ,2303 RHOB ,(202) 225-4324 
Oregon,2,Bentz,Cliff,Oregon 2nd ,R ,1239 LHOB ,(202) 225-6730 
California,7,Bera,Ami,California 7th ,D ,172 CHOB ,(202) 225-5716 
Michigan,1,Bergman,Jack,Michigan 1st ,R ,566 CHOB ,(202) 225-4735 
Virginia,8,Beyer,Don,Virginia 8th ,D ,1119 LHOB ,(202) 225-4376 
Oklahoma,5,Bice,Stephanie I.,Oklahoma 5th ,R ,1223 LHOB ,(202) 225-2132 
Arizona,5,Biggs,Andy,Arizona 5th ,R ,171 CHOB ,(202) 225-2635 
Florida,12,Bilirakis,Gus M.,Florida 12th ,R ,2354 RHOB ,(202) 225-5755 
Georgia,2,Bishop Jr.,Sanford D.,Georgia 2nd ,D ,2407 RHOB ,(202) 225-3631 
North Carolina,9,Bishop,Dan,North Carolina 9th ,R ,1207 LHOB ,(202) 225-1976 
Oregon,3,Blumenauer,Earl,Oregon 3rd ,D ,1111 LHOB ,(202) 225-4811 
Delaware,At Large,Blunt Rochester,Lisa,Delaware At Large ,D ,1724 LHOB ,(202) 225-4165 
Colorado,3,Boebert,Lauren,Colorado 3rd ,R ,1609 LHOB ,(202) 225-4761 
Oregon,1,Bonamici,Suzanne,Oregon 1st ,D ,2231 RHOB ,(202) 225-0855 
Illinois,12,Bost,Mike,Illinois 12th ,R ,1211 LHOB ,(202) 225-5661 
Georgia,7,Bourdeaux,Carolyn,Georgia 7th ,D ,1319 LHOB ,(202) 225-4272 
New York,16,Bowman,Jamaal,New York 16th ,D ,1605 LHOB ,(202) 225-2464 
Pennsylvania,2,Boyle,Brendan,Pennsylvania 2nd ,D ,1133 LHOB ,(202) 225-6111 
Texas,8,Brady,Kevin,Texas 8th ,R ,1011 LHOB ,(202) 225-4901 
Alabama,5,Brooks,Mo,Alabama 5th ,R ,2185 RHOB ,(202) 225-4801 
Maryland,4,Brown,Anthony,Maryland 4th ,D ,1323 LHOB ,(202) 225-8699 
California,26,Brownley,Julia,California 26th ,D ,2262 RHOB ,(202) 225-5811 
Florida,16,Buchanan,Vern,Florida 16th ,R ,2110 RHOB ,(202) 225-5015 
Colorado,4,Buck,Ken,Colorado 4th ,R ,2455 RHOB ,(202) 225-4676 
Indiana,8,Bucshon,Larry,Indiana 8th ,R ,2313 RHOB ,(202) 225-4636 
North Carolina,13,Budd,Ted,North Carolina 13th ,R ,103 CHOB ,(202) 225-4531 
Tennessee,2,Burchett,Tim,Tennessee 2nd ,R ,1122 LHOB ,(202) 225-5435 
Texas,26,Burgess,Michael,Texas 26th ,R ,2161 RHOB ,(202) 225-7772 
Missouri,1,Bush,Cori,Missouri 1st ,D ,563 CHOB ,(202) 225-2406 
Illinois,17,Bustos,Cheri,Illinois 17th ,D ,1233 LHOB ,(202) 225-5905 
North Carolina,1,Butterfield,G.K.,North Carolina 1st ,D ,2080 RHOB ,(202) 225-3101 
California,42,Calvert,Ken,California 42nd ,R ,2205 RHOB ,(202) 225-1986 
Florida,3,Cammack,Kat,Florida 3rd ,R ,1626 LHOB ,(202) 225-5744 
California,24,Carbajal,Salud,California 24th ,D ,2331 RHOB ,(202) 225-3601 
California,29,Cárdenas,Tony,California 29th ,D ,2438 RHOB ,(202) 225-6131 
Alabama,1,Carl,Jerry L.,Alabama 1st ,R ,1330 LHOB ,(202) 225-4931 
Indiana,7,Carson,André,Indiana 7th ,D ,2135 RHOB ,(202) 225-4011 
Georgia,1,Carter,Buddy,Georgia 1st ,R ,2432 RHOB ,(202) 225-5831 
Texas,31,Carter,John,Texas 31st ,R ,2208 RHOB ,(202) 225-3864 
Louisiana,2,Carter,Troy A.,Louisiana 2nd ,D ,506 CHOB ,(202) 225-6636 
Pennsylvania,8,Cartwright,Matt,Pennsylvania 8th ,D ,2102 RHOB ,(202) 225-5546 
Hawaii,1,Case,Ed,Hawaii 1st ,D ,2210 RHOB ,(202) 225-2726 
Illinois,6,Casten,Sean,Illinois 6th ,D ,2440 RHOB ,(202) 225-4561 
Florida,14,Castor,Kathy,Florida 14th ,D ,2052 RHOB ,(202) 225-3376 
Texas,20,Castro,Joaquin,Texas 20th ,D ,2241 RHOB ,(202) 225-3236 
North Carolina,11,Cawthorn,Madison,North Carolina 11th ,R ,102 CHOB ,(202) 225-6401 
Ohio,1,Chabot,Steve,Ohio 1st ,R ,2408 RHOB ,(202) 225-2216 
Wyoming,At Large,Cheney,Liz,Wyoming At Large ,R ,416 CHOB ,(202) 225-2311 
California,27,Chu,Judy,California 27th ,D ,2423 RHOB ,(202) 225-5464 
Rhode Island,1,Cicilline,David,Rhode Island 1st ,D ,2233 RHOB ,(202) 225-4911 
Massachusetts,5,Clark,Katherine,Massachusetts 5th ,D ,2448 RHOB ,(202) 225-2836 
New York,9,Clarke,Yvette D.,New York 9th ,D ,2058 RHOB ,(202) 225-6231 
Missouri,5,Cleaver,Emanuel,Missouri 5th ,D ,2335 RHOB ,(202) 225-4535 
Virginia,6,Cline,Ben,Virginia 6th ,R ,2443 RHOB ,(202) 225-5431 
Texas,27,Cloud,Michael,Texas 27th ,R ,512 CHOB ,(202) 225-7742 
South Carolina,6,Clyburn,James E.,South Carolina 6th ,D ,274 CHOB ,(202) 225-3315 
Georgia,9,Clyde,Andrew S.,Georgia 9th ,R ,521 CHOB ,(202) 225-9893 
Tennessee,9,Cohen,Steve,Tennessee 9th ,D ,2104 RHOB ,(202) 225-3265 
Oklahoma,4,Cole,Tom,Oklahoma 4th ,R ,2207 RHOB ,(202) 225-6165 
Kentucky,1,Comer,James,Kentucky 1st ,R ,2410 RHOB ,(202) 225-3115 
Virginia,11,Connolly,"Gerald E. ""Gerry""",Virginia 11th ,D ,2238 RHOB ,(202) 225-1492 
Tennessee,5,Cooper,Jim,Tennessee 5th ,D ,1536 LHOB ,(202) 225-4311 
California,46,Correa,J. Luis,California 46th ,D ,2301 RHOB ,(202) 225-2965 
California,16,Costa,Jim,California 16th ,D ,2081 RHOB ,(202) 225-3341 
Connecticut,2,Courtney,Joe,Connecticut 2nd ,D ,2449 RHOB ,(202) 225-2076 
Minnesota,2,Craig,Angie,Minnesota 2nd ,D ,2442 RHOB ,(202) 225-2271 
Arkansas,1,Crawford,Rick,Arkansas 1st ,R ,2422 RHOB ,(202) 225-4076 
Texas,2,Crenshaw,Dan,Texas 2nd ,R ,413 CHOB ,(202) 225-6565 
Florida,13,Crist,Charlie,Florida 13th ,D ,215 CHOB ,(202) 225-5961 
Colorado,6,Crow,Jason,Colorado 6th ,D ,1229 LHOB ,(202) 225-7882 
Texas,28,Cuellar,Henry,Texas 28th ,D ,2372 RHOB ,(202) 225-1640 
Utah,3,Curtis,John R.,Utah 3rd ,R ,2400 RHOB ,(202) 225-7751 
Kansas,3,Davids,Sharice,Kansas 3rd ,D ,1541 LHOB ,(202) 225-2865 
Ohio,8,Davidson,Warren,Ohio 8th ,R ,2113 RHOB ,(202) 225-6205 
Illinois,7,Davis,Danny K.,Illinois 7th ,D ,2159 RHOB ,(202) 225-5006 
Illinois,13,Davis,Rodney,Illinois 13th ,R ,2079 RHOB ,(202) 225-2371 
Pennsylvania,4,Dean,Madeleine,Pennsylvania 4th ,D ,120 CHOB ,(202) 225-4731 
Oregon,4,DeFazio,Peter,Oregon 4th ,D ,2134 RHOB ,(202) 225-6416 
Colorado,1,DeGette,Diana,Colorado 1st ,D ,2111 RHOB ,(202) 225-4431 
Connecticut,3,DeLauro,Rosa L.,Connecticut 3rd ,D ,2413 RHOB ,(202) 225-3661 
Washington,1,DelBene,Suzan,Washington 1st ,D ,2330 RHOB ,(202) 225-6311 
New York,19,Delgado,Antonio,New York 19th ,D ,1007 LHOB ,(202) 225-5614 
Florida,10,Demings,Val,Florida 10th ,D ,217 CHOB ,(202) 225-2176 
California,11,DeSaulnier,Mark,California 11th ,D ,503 CHOB ,(202) 225-2095 
Tennessee,4,DesJarlais,Scott,Tennessee 4th ,R ,2304 RHOB ,(202) 225-6831 
Florida,22,Deutch,Ted,Florida 22nd ,D ,2323 RHOB ,(202) 225-3001 
Florida,25,Diaz-Balart,Mario,Florida 25th ,R ,374 CHOB ,(202) 225-4211 
Michigan,12,Dingell,Debbie,Michigan 12th ,D ,116 CHOB ,(202) 225-4071 
Texas,35,Doggett,Lloyd,Texas 35th ,D ,2307 RHOB ,(202) 225-4865 
Florida,19,Donalds,Byron,Florida 19th ,R ,523 CHOB ,(202) 225-2536 
Pennsylvania,18,Doyle,Michael,Pennsylvania 18th ,D ,270 CHOB ,(202) 225-2135 
South Carolina,3,Duncan,Jeff,South Carolina 3rd ,R ,2229 RHOB ,(202) 225-5301 
Florida,2,Dunn,Neal,Florida 2nd ,R ,316 CHOB ,(202) 225-5235 
Texas,6,Ellzey,Jake,Texas 6th ,R ,1725 LHOB ,(202) 225-2002 
Minnesota,6,Emmer,Tom,Minnesota 6th ,R ,315 CHOB ,(202) 225-2331 
Texas,16,Escobar,Veronica,Texas 16th ,D ,1505 LHOB ,(202) 225-4831 
California,18,Eshoo,Anna G.,California 18th ,D ,272 CHOB ,(202) 225-8104 
New York,13,Espaillat,Adriano,New York 13th ,D ,2332 RHOB ,(202) 225-4365 
Kansas,4,Estes,Ron,Kansas 4th ,R ,2411 RHOB ,(202) 225-6216 
Pennsylvania,3,Evans,Dwight,Pennsylvania 3rd ,D ,1105 LHOB ,(202) 225-4001 
Texas,4,Fallon,Pat,Texas 4th ,R ,1118 LHOB ,(202) 225-6673 
Iowa,4,Feenstra,Randy,Iowa 4th ,R ,1440 LHOB ,(202) 225-4426 
Georgia,3,Ferguson,A. Drew,Georgia 3rd ,R ,1032 LHOB ,(202) 225-5901 
Minnesota,7,Fischbach,Michelle,Minnesota 7th ,R ,1237 LHOB ,(202) 225-2165 
Wisconsin,5,Fitzgerald,Scott,Wisconsin 5th ,R ,1507 LHOB ,(202) 225-5101 
Pennsylvania,1,Fitzpatrick,Brian,Pennsylvania 1st ,R ,271 CHOB ,(202) 225-4276 
Tennessee,3,Fleischmann,Chuck,Tennessee 3rd ,R ,462 CHOB ,(202) 225-3271 
Texas,7,Fletcher,Lizzie,Texas 7th ,D ,119 CHOB ,(202) 225-2571 
Nebraska,1,Fortenberry,Jeff,Nebraska 1st ,R ,1514 LHOB ,(202) 225-4806 
Illinois,11,Foster,Bill,Illinois 11th ,D ,2366 RHOB ,(202) 225-3515 
North Carolina,5,Foxx,Virginia,North Carolina 5th ,R ,2462 RHOB ,(202) 225-2071 
Florida,21,Frankel,Lois,Florida 21st ,D ,2305 RHOB ,(202) 225-9890 
Florida,15,Franklin,C. Scott,Florida 15th ,R ,1517 LHOB ,(202) 225-1252 
Ohio,11,Fudge,Marcia L.,Ohio 11th ,- Vacancy ,2344 RHOB ,(202) 225-7032 
Idaho,1,Fulcher,Russ,Idaho 1st ,R ,1520 LHOB ,(202) 225-6611 
Florida,1,Gaetz,Matt,Florida 1st ,R ,1721 LHOB ,(202) 225-4136 
Wisconsin,8,Gallagher,Mike,Wisconsin 8th ,R ,1230 LHOB ,(202) 225-5665 
Arizona,7,Gallego,Ruben,Arizona 7th ,D ,1131 LHOB ,(202) 225-4065 
California,3,Garamendi,John,California 3rd ,D ,2368 RHOB ,(202) 225-1880 
New York,2,Garbarino,Andrew R.,New York 2nd ,R ,1516 LHOB ,(202) 225-7896 
Illinois,4,García,"Jesús ""Chuy""",Illinois 4th ,D ,1519 LHOB ,(202) 225-8203 
California,25,Garcia,Mike,California 25th ,R ,1535 LHOB ,(202) 225-1956 
Texas,29,Garcia,Sylvia,Texas 29th ,D ,1620 LHOB ,(202) 225-1688 
Ohio,7,Gibbs,Bob,Ohio 7th ,R ,2217 RHOB ,(202) 225-6265 
Florida,26,Gimenez,Carlos A.,Florida 26th ,R ,419 CHOB ,(202) 225-2778 
Texas,1,Gohmert,Louie,Texas 1st ,R ,2269 RHOB ,(202) 225-3035 
Maine,2,Golden,Jared,Maine 2nd ,D ,1222 LHOB ,(202) 225-6306 
California,34,Gomez,Jimmy,California 34th ,D ,1530 LHOB ,(202) 225-6235 
Texas,23,Gonzales,Tony,Texas 23rd ,R ,1009 LHOB ,(202) 225-4511 
Puerto Rico,Resident Commissioner,González-Colón,Jenniffer,Puerto Rico Resident Commissioner ,R ,2338 RHOB ,(202) 225-2615 
Ohio,16,Gonzalez,Anthony,Ohio 16th ,R ,2458 RHOB ,(202) 225-3876 
Texas,15,Gonzalez,Vicente,Texas 15th ,D ,113 CHOB ,(202) 225-2531 
Virginia,5,Good,Bob,Virginia 5th ,R ,1213 LHOB ,(202) 225-4711 
Texas,5,Gooden,Lance,Texas 5th ,R ,1722 LHOB ,(202) 225-3484 
Arizona,4,Gosar,Paul A.,Arizona 4th ,R ,2057 RHOB ,(202) 225-2315 
New Jersey,5,Gottheimer,Josh,New Jersey 5th ,D ,203 CHOB ,(202) 225-4465 
Texas,12,Granger,Kay,Texas 12th ,R ,1026 LHOB ,(202) 225-5071 
Louisiana,6,Graves,Garret,Louisiana 6th ,R ,2402 RHOB ,(202) 225-3901 
Missouri,6,Graves,Sam,Missouri 6th ,R ,1135 LHOB ,(202) 225-7041 
Texas,9,Green,Al,Texas 9th ,D ,2347 RHOB ,(202) 225-7508 
Tennessee,7,Green,Mark,Tennessee 7th ,R ,2446 RHOB ,(202) 225-2811 
Georgia,14,Greene,Marjorie Taylor,Georgia 14th ,R ,1023 LHOB ,(202) 225-5211 
Virginia,9,Griffith,Morgan,Virginia 9th ,R ,2202 RHOB ,(202) 225-3861 
Arizona,3,Grijalva,Raul,Arizona 3rd ,D ,1511 LHOB ,(202) 225-2435 
Wisconsin,6,Grothman,Glenn,Wisconsin 6th ,R ,1427 LHOB ,(202) 225-2476 
Mississippi,3,Guest,Michael,Mississippi 3rd ,R ,418 CHOB ,(202) 225-5031 
Kentucky,2,Guthrie,S. Brett,Kentucky 2nd ,R ,2434 RHOB ,(202) 225-3501 
Minnesota,1,Hagedorn,Jim,Minnesota 1st ,R ,1433 LHOB ,(202) 225-2472 
California,10,Harder,Josh,California 10th ,D ,209 CHOB ,(202) 225-4540 
Maryland,1,Harris,Andy,Maryland 1st ,R ,2334 RHOB ,(202) 225-5311 
Tennessee,1,Harshbarger,Diana,Tennessee 1st ,R ,167 CHOB ,(202) 225-6356 
Missouri,4,Hartzler,Vicky,Missouri 4th ,R ,2235 RHOB ,(202) 225-2876 
Florida,20,Hastings,Alcee L.,Florida 20th ,- Vacancy ,2365 RHOB ,(202) 225-1313 
Connecticut,5,Hayes,Jahana,Connecticut 5th ,D ,1415 LHOB ,(202) 225-4476 
Oklahoma,1,Hern,Kevin,Oklahoma 1st ,R ,1019 LHOB ,(202) 225-2211 
New Mexico,2,Herrell,Yvette,New Mexico 2nd ,R ,1305 LHOB ,(202) 225-2365 
Washington,3,Herrera Beutler,Jaime,Washington 3rd ,R ,2352 RHOB ,(202) 225-3536 
Georgia,10,Hice,Jody,Georgia 10th ,R ,404 CHOB ,(202) 225-4101 
New York,26,Higgins,Brian,New York 26th ,D ,2459 RHOB ,(202) 225-3306 
Louisiana,3,Higgins,Clay,Louisiana 3rd ,R ,572 CHOB ,(202) 225-2031 
Arkansas,2,Hill,French,Arkansas 2nd ,R ,1533 LHOB ,(202) 225-2506 
Connecticut,4,Himes,Jim,Connecticut 4th ,D ,2137 RHOB ,(202) 225-5541 
Iowa,1,Hinson,Ashley,Iowa 1st ,R ,1429 LHOB ,(202) 225-2911 
Indiana,9,Hollingsworth,Trey,Indiana 9th ,R ,1641 LHOB ,(202) 225-5315 
Nevada,4,Horsford,Steven,Nevada 4th ,D ,562 CHOB ,(202) 225-9894 
Pennsylvania,6,Houlahan,Chrissy,Pennsylvania 6th ,D ,1218 LHOB ,(202) 225-4315 
Maryland,5,Hoyer,Steny H.,Maryland 5th ,D ,1705 LHOB ,(202) 225-4131 
North Carolina,8,Hudson,Richard,North Carolina 8th ,R ,2112 RHOB ,(202) 225-3715 
California,2,Huffman,Jared,California 2nd ,D ,1527 LHOB ,(202) 225-5161 
Michigan,2,Huizenga,Bill,Michigan 2nd ,R ,2232 RHOB ,(202) 225-4401 
California,50,Issa,Darrell,California 50th ,R ,2300 RHOB ,(202) 225-5672 
Texas,18,Jackson Lee,Sheila,Texas 18th ,D ,2426 RHOB ,(202) 225-3816 
Texas,13,Jackson,Ronny,Texas 13th ,R ,118 CHOB ,(202) 225-3706 
New York,27,Jacobs,Chris,New York 27th ,R ,214 CHOB ,(202) 225-5265 
California,53,Jacobs,Sara,California 53rd ,D ,1232 LHOB ,(202) 225-2040 
Washington,7,Jayapal,Pramila,Washington 7th ,D ,2346 RHOB ,(202) 225-3106 
New York,8,Jeffries,Hakeem,New York 8th ,D ,2433 RHOB ,(202) 225-5936 
Ohio,6,Johnson,Bill,Ohio 6th ,R ,2336 RHOB ,(202) 225-5705 
South Dakota,At Large,Johnson,Dusty,South Dakota At Large ,R ,1714 LHOB ,(202) 225-2801 
Texas,30,Johnson,Eddie Bernice,Texas 30th ,D ,2306 RHOB ,(202) 225-8885 
Georgia,4,Johnson,"Henry C. ""Hank"" Jr.",Georgia 4th ,D ,2240 RHOB ,(202) 225-1605 
Louisiana,4,Johnson,Mike,Louisiana 4th ,R ,568 CHOB ,(202) 225-2777 
New York,17,Jones,Mondaire,New York 17th ,D ,1017 LHOB ,(202) 225-6506 
Ohio,4,Jordan,Jim,Ohio 4th ,R ,2056 RHOB ,(202) 225-2676 
Ohio,14,Joyce,David,Ohio 14th ,R ,2065 RHOB ,(202) 225-5731 
Pennsylvania,13,Joyce,John,Pennsylvania 13th ,R ,1221 LHOB ,(202) 225-2431 
Hawaii,2,Kahele,Kaiali'i,Hawaii 2nd ,D ,1205 LHOB ,(202) 225-4906 
Ohio,9,Kaptur,Marcy,Ohio 9th ,D ,2186 RHOB ,(202) 225-4146 
New York,24,Katko,John,New York 24th ,R ,2428 RHOB ,(202) 225-3701 
Massachusetts,9,Keating,William,Massachusetts 9th ,D ,2351 RHOB ,(202) 225-3111 
Pennsylvania,12,Keller,Fred,Pennsylvania 12th ,R ,1717 LHOB ,(202) 225-3731 
Pennsylvania,16,Kelly,Mike,Pennsylvania 16th ,R ,1707 LHOB ,(202) 225-5406 
Illinois,2,Kelly,Robin,Illinois 2nd ,D ,2416 RHOB ,(202) 225-0773 
Mississippi,1,Kelly,Trent,Mississippi 1st ,R ,2243 RHOB ,(202) 225-4306 
California,17,Khanna,Ro,California 17th ,D ,306 CHOB ,(202) 225-2631 
Michigan,5,Kildee,Daniel,Michigan 5th ,D ,200 CHOB ,(202) 225-3611 
Washington,6,Kilmer,Derek,Washington 6th ,D ,2059 RHOB ,(202) 225-5916 
New Jersey,3,Kim,Andy,New Jersey 3rd ,D ,2444 RHOB ,(202) 225-4765 
California,39,Kim,Young,California 39th ,R ,1306 LHOB ,(202) 225-4111 
Wisconsin,3,Kind,Ron,Wisconsin 3rd ,D ,1502 LHOB ,(202) 225-5506 
Illinois,16,Kinzinger,Adam,Illinois 16th ,R ,2245 RHOB ,(202) 225-3635 
Arizona,2,Kirkpatrick,Ann,Arizona 2nd ,D ,309 CHOB ,(202) 225-2542 
Illinois,8,Krishnamoorthi,Raja,Illinois 8th ,D ,115 CHOB ,(202) 225-3711 
New Hampshire,2,Kuster,Ann,New Hampshire 2nd ,D ,320 CHOB ,(202) 225-5206 
Tennessee,8,Kustoff,David,Tennessee 8th ,R ,560 CHOB ,(202) 225-4714 
Illinois,18,LaHood,arin,Illinois 18th ,R ,1424 LHOB ,(202) 225-6201 
California,1,LaMalfa,Doug,California 1st ,R ,408 CHOB ,(202) 225-3076 
Pennsylvania,17,Lamb,Conor,Pennsylvania 17th ,D ,1224 LHOB ,(202) 225-2301 
Colorado,5,Lamborn,Doug,Colorado 5th ,R ,2371 RHOB ,(202) 225-4422 
Rhode Island,2,Langevin,Jim,Rhode Island 2nd ,D ,2077 RHOB ,(202) 225-2735 
Washington,2,Larsen,Rick,Washington 2nd ,D ,2163 RHOB ,(202) 225-2605 
Connecticut,1,Larson,John B.,Connecticut 1st ,D ,1501 LHOB ,(202) 225-2265 
Ohio,5,Latta,Robert E.,Ohio 5th ,R ,2467 RHOB ,(202) 225-6405 
Kansas,2,LaTurner,Jake,Kansas 2nd ,R ,1630 LHOB ,(202) 225-6601 
Michigan,14,Lawrence,Brenda,Michigan 14th ,D ,2463 RHOB ,(202) 225-5802 
Florida,5,Lawson,Al,Florida 5th ,D ,2437 RHOB ,(202) 225-0123 
California,13,Lee,Barbara,California 13th ,D ,2470 RHOB ,(202) 225-2661 
Nevada,3,Lee,Susie,Nevada 3rd ,D ,365 CHOB ,(202) 225-3252 
New Mexico,3,Leger Fernandez,Teresa,New Mexico 3rd ,D ,1432 LHOB ,(202) 225-6190 
Arizona,8,Lesko,Debbie,Arizona 8th ,R ,1214 LHOB ,(202) 225-4576 
Louisiana,5,Letlow,Julia,Louisiana 5th ,R ,1408 LHOB ,(202) 225-8490 
Michigan,9,Levin,Andy,Michigan 9th ,D ,312 CHOB ,(202) 225-4961 
California,49,Levin,Mike,California 49th ,D ,1030 LHOB ,(202) 225-3906 
California,33,Lieu,Ted,California 33rd ,D ,403 CHOB ,(202) 225-3976 
California,19,Lofgren,Zoe,California 19th ,D ,1401 LHOB ,(202) 225-3072 
Missouri,7,Long,Billy,Missouri 7th ,R ,2454 RHOB ,(202) 225-6536 
Georgia,11,Loudermilk,Barry,Georgia 11th ,R ,2133 RHOB ,(202) 225-2931 
California,47,Lowenthal,Alan,California 47th ,D ,108 CHOB ,(202) 225-7924 
Oklahoma,3,Lucas,Frank,Oklahoma 3rd ,R ,2405 RHOB ,(202) 225-5565 
Missouri,3,Luetkemeyer,Blaine,Missouri 3rd ,R ,2230 RHOB ,(202) 225-2956 
Virginia,2,Luria,Elaine,Virginia 2nd ,D ,412 CHOB ,(202) 225-4215 
Massachusetts,8,Lynch,Stephen F.,Massachusetts 8th ,D ,2109 RHOB ,(202) 225-8273 
South Carolina,1,Mace,Nancy,South Carolina 1st ,R ,212 CHOB ,(202) 225-3176 
New Jersey,7,Malinowski,Tom,New Jersey 7th ,D ,1318 LHOB ,(202) 225-5361 
New York,11,Malliotakis,Nicole,New York 11th ,R ,417 CHOB ,(202) 225-3371 
New York,12,Maloney,Carolyn,New York 12th ,D ,2308 RHOB ,(202) 225-7944 
New York,18,Maloney,Sean Patrick,New York 18th ,D ,464 CHOB ,(202) 225-5441 
Kansas,1,Mann,Tracey,Kansas 1st ,R ,522 CHOB ,(202) 225-2715 
North Carolina,6,Manning,Kathy E.,North Carolina 6th ,D ,415 CHOB ,(202) 225-3065 
Kentucky,4,Massie,Thomas,Kentucky 4th ,R ,2453 RHOB ,(202) 225-3465 
Florida,18,Mast,Brian,Florida 18th ,R ,2182 RHOB ,(202) 225-3026 
California,6,Matsui,Doris O.,California 6th ,D ,2311 RHOB ,(202) 225-7163 
Georgia,6,McBath,Lucy,Georgia 6th ,D ,1513 LHOB ,(202) 225-4501 
California,23,McCarthy,Kevin,California 23rd ,R ,2468 RHOB ,(202) 225-2915 
Texas,10,McCaul,Michael T.,Texas 10th ,R ,2001 RHOB ,(202) 225-2401 
Michigan,10,McClain,Lisa C.,Michigan 10th ,R ,218 CHOB ,(202) 225-2106 
California,4,McClintock,Tom,California 4th ,R ,2312 RHOB ,(202) 225-2511 
Minnesota,4,McCollum,Betty,Minnesota 4th ,D ,2256 RHOB ,(202) 225-6631 
Virginia,4,McEachin,A. Donald,Virginia 4th ,D ,314 CHOB ,(202) 225-6365 
Massachusetts,2,McGovern,James,Massachusetts 2nd ,D ,370 CHOB ,(202) 225-6101 
North Carolina,10,McHenry,Patrick T.,North Carolina 10th ,R ,2004 RHOB ,(202) 225-2576 
West Virginia,1,McKinley,David,West Virginia 1st ,R ,2239 RHOB ,(202) 225-4172 
California,9,McNerney,Jerry,California 9th ,D ,2265 RHOB ,(202) 225-1947 
New York,5,Meeks,Gregory W.,New York 5th ,D ,2310 RHOB ,(202) 225-3461 
Michigan,3,Meijer,Peter,Michigan 3rd ,R ,1508 LHOB ,(202) 225-3831 
New York,6,Meng,Grace,New York 6th ,D ,2209 RHOB ,(202) 225-2601 
Pennsylvania,9,Meuser,Daniel,Pennsylvania 9th ,R ,414 CHOB ,(202) 225-6511 
Maryland,7,Mfume,Kweisi,Maryland 7th ,D ,2263 RHOB ,(202) 225-4741 
Iowa,2,Miller-Meeks,Mariannette,Iowa 2nd ,R ,1716 LHOB ,(202) 225-6576 
West Virginia,3,Miller,Carol,West Virginia 3rd ,R ,465 CHOB ,(202) 225-3452 
Illinois,15,Miller,Mary E.,Illinois 15th ,R ,1529 LHOB ,(202) 225-5271 
Michigan,4,Moolenaar,John,Michigan 4th ,R ,117 CHOB ,(202) 225-3561 
West Virginia,2,Mooney,Alex,West Virginia 2nd ,R ,2228 RHOB ,(202) 225-2711 
Alabama,2,Moore,Barry,Alabama 2nd ,R ,1504 LHOB ,(202) 225-2901 
Utah,1,Moore,Blake D.,Utah 1st ,R ,1320 LHOB ,(202) 225-0453 
Wisconsin,4,Moore,Gwen,Wisconsin 4th ,D ,2252 RHOB ,(202) 225-4572 
New York,25,Morelle,Joseph,New York 25th ,D ,1317 LHOB ,(202) 225-3615 
Massachusetts,6,Moulton,Seth,Massachusetts 6th ,D ,1127 LHOB ,(202) 225-8020 
Indiana,1,Mrvan,Frank J.,Indiana 1st ,D ,1607 LHOB ,(202) 225-2461 
Oklahoma,2,Mullin,Markwayne,Oklahoma 2nd ,R ,2421 RHOB ,(202) 225-2701 
North Carolina,3,Murphy,Gregory Francis,North Carolina 3rd ,R ,313 CHOB ,(202) 225-3415 
Florida,7,Murphy,Stephanie,Florida 7th ,D ,1710 LHOB ,(202) 225-4035 
New York,10,Nadler,Jerrold,New York 10th ,D ,2132 RHOB ,(202) 225-5635 
California,32,Napolitano,Grace,California 32nd ,D ,1610 LHOB ,(202) 225-5256 
Massachusetts,1,Neal,Richard E.,Massachusetts 1st ,D ,372 CHOB ,(202) 225-5601 
Colorado,2,Neguse,Joe,Colorado 2nd ,D ,1419 LHOB ,(202) 225-2161 
Texas,22,Nehls,Troy E.,Texas 22nd ,R ,1104 LHOB ,(202) 225-5951 
Washington,4,Newhouse,Dan,Washington 4th ,R ,504 CHOB ,(202) 225-5816 
Illinois,3,Newman,Marie,Illinois 3rd ,D ,1022 LHOB ,(202) 225-5701 
New Jersey,1,Norcross,Donald,New Jersey 1st ,D ,2427 RHOB ,(202) 225-6501 
South Carolina,5,Norman,Ralph,South Carolina 5th ,R ,569 CHOB ,(202) 225-5501 
District of Columbia,Delegate,Norton,Eleanor Holmes,District of Columbia Delegate ,D ,2136 RHOB ,(202) 225-8050 
California,22,Nunes,Devin,California 22nd ,R ,1013 LHOB ,(202) 225-2523 
Arizona,1,O'Halleran,Tom,Arizona 1st ,D ,318 CHOB ,(202) 225-3361 
California,8,Obernolte,Jay,California 8th ,R ,1029 LHOB ,(202) 225-5861 
New York,14,Ocasio-Cortez,Alexandria,New York 14th ,D ,216 CHOB ,(202) 225-3965 
Minnesota,5,Omar,Ilhan,Minnesota 5th ,D ,1730 LHOB ,(202) 225-4755 
Utah,4,Owens,Burgess,Utah 4th ,R ,1039 LHOB ,(202) 225-3011 
Mississippi,4,Palazzo,Steven,Mississippi 4th ,R ,2349 RHOB ,(202) 225-5772 
New Jersey,6,Pallone Jr.,Frank,New Jersey 6th ,D ,2107 RHOB ,(202) 225-4671 
Alabama,6,Palmer,Gary,Alabama 6th ,R ,170 CHOB ,(202) 225-4921 
California,20,Panetta,Jimmy,California 20th ,D ,406 CHOB ,(202) 225-2861 
New Hampshire,1,Pappas,Chris,New Hampshire 1st ,D ,319 CHOB ,(202) 225-5456 
New Jersey,9,Pascrell Jr.,Bill,New Jersey 9th ,D ,2409 RHOB ,(202) 225-5751 
New Jersey,10,Payne Jr.,Donald,New Jersey 10th ,D ,106 CHOB ,(202) 225-3436 
California,12,Pelosi,Nancy,California 12th ,D ,1236 LHOB ,(202) 225-4965 
Indiana,6,Pence,Greg,Indiana 6th ,R ,211 CHOB ,(202) 225-3021 
Colorado,7,Perlmutter,Ed,Colorado 7th ,D ,1226 LHOB ,(202) 225-2645 
Pennsylvania,10,Perry,Scott,Pennsylvania 10th ,R ,2160 RHOB ,(202) 225-5836 
California,52,Peters,Scott,California 52nd ,D ,1201 LHOB ,(202) 225-0508 
Texas,11,Pfluger,August,Texas 11th ,R ,1531 LHOB ,(202) 225-3605 
Minnesota,3,Phillips,Dean,Minnesota 3rd ,D ,2452 RHOB ,(202) 225-2871 
Maine,1,Pingree,Chellie,Maine 1st ,D ,2162 RHOB ,(202) 225-6116 
Virgin Islands,Delegate,Plaskett,Stacey,Virgin Islands Delegate ,D ,2404 RHOB ,(202) 225-1790 
Wisconsin,2,Pocan,Mark,Wisconsin 2nd ,D ,1727 LHOB ,(202) 225-2906 
California,45,Porter,Katie,California 45th ,D ,1117 LHOB ,(202) 225-5611 
Florida,8,Posey,Bill,Florida 8th ,R ,2150 RHOB ,(202) 225-3671 
Massachusetts,7,Pressley,Ayanna,Massachusetts 7th ,D ,1108 LHOB ,(202) 225-5111 
North Carolina,4,Price,David,North Carolina 4th ,D ,2108 RHOB ,(202) 225-1784 
Illinois,5,Quigley,Mike,Illinois 5th ,D ,2078 RHOB ,(202) 225-4061 
American Samoa,Delegate,Radewagen,Amata,American Samoa Delegate ,R ,1339 LHOB ,(202) 225-8577 
Maryland,8,Raskin,Jamie,Maryland 8th ,D ,2242 RHOB ,(202) 225-5341 
New York,23,Reed,Tom,New York 23rd ,R ,1203 LHOB ,(202) 225-3161 
Pennsylvania,14,Reschenthaler,Guy,Pennsylvania 14th ,R ,409 CHOB ,(202) 225-2065 
New York,4,Rice,Kathleen,New York 4th ,D ,2435 RHOB ,(202) 225-5516 
South Carolina,7,Rice,Tom,South Carolina 7th ,R ,460 CHOB ,(202) 225-9895 
Washington,5,Rodgers,Cathy McMorris,Washington 5th ,R ,1035 LHOB ,(202) 225-2006 
Kentucky,5,Rogers,Harold,Kentucky 5th ,R ,2406 RHOB ,(202) 225-4601 
Alabama,3,Rogers,Mike,Alabama 3rd ,R ,2469 RHOB ,(202) 225-3261 
Tennessee,6,Rose,John W.,Tennessee 6th ,R ,1124 LHOB ,(202) 225-4231 
Montana,At Large,Rosendale,Matthew M.,Montana At Large ,R ,1037 LHOB ,(202) 225-3211 
North Carolina,2,Ross,Deborah K.,North Carolina 2nd ,D ,1208 LHOB ,(202) 225-3032 
North Carolina,7,Rouzer,David,North Carolina 7th ,R ,2333 RHOB ,(202) 225-2731 
Texas,21,Roy,Chip,Texas 21st ,R ,1005 LHOB ,(202) 225-4236 
California,40,Roybal-Allard,Lucille,California 40th ,D ,2083 RHOB ,(202) 225-1766 
California,36,Ruiz,Raul,California 36th ,D ,2342 RHOB ,(202) 225-5330 
Maryland,2,Ruppersberger,C. A. Dutch,Maryland 2nd ,D ,2206 RHOB ,(202) 225-3061 
Illinois,1,Rush,Bobby L.,Illinois 1st ,D ,2188 RHOB ,(202) 225-4372 
Florida,4,Rutherford,John,Florida 4th ,R ,1711 LHOB ,(202) 225-2501 
Ohio,13,Ryan,Tim,Ohio 13th ,D ,1126 LHOB ,(202) 225-5261 
Northern Mariana Islands,Delegate,Sablan,Gregorio,Northern Mariana Islands Delegate ,D ,2267 RHOB ,(202) 225-2646 
Florida,27,Salazar,Maria Elvira,Florida 27th ,R ,1616 LHOB ,(202) 225-3931 
Guam,Delegate,San Nicolas,Michael F. Q.,Guam Delegate ,D ,1632 LHOB ,(202) 225-1188 
California,38,Sánchez,Linda,California 38th ,D ,2329 RHOB ,(202) 225-6676 
Maryland,3,Sarbanes,John P.,Maryland 3rd ,D ,2370 RHOB ,(202) 225-4016 
Louisiana,1,Scalise,Steve,Louisiana 1st ,R ,2049 RHOB ,(202) 225-3015 
Pennsylvania,5,Scanlon,Mary Gay,Pennsylvania 5th ,D ,1227 LHOB ,(202) 225-2011 
Illinois,9,Schakowsky,Jan,Illinois 9th ,D ,2367 RHOB ,(202) 225-2111 
California,28,Schiff,Adam,California 28th ,D ,2309 RHOB ,(202) 225-4176 
Illinois,10,Schneider,Bradley,Illinois 10th ,D ,300 CHOB ,(202) 225-4835 
Oregon,5,Schrader,Kurt,Oregon 5th ,D ,2431 RHOB ,(202) 225-5711 
Washington,8,Schrier,Kim,Washington 8th ,D ,1123 LHOB ,(202) 225-7761 
Arizona,6,Schweikert,David,Arizona 6th ,R ,304 CHOB ,(202) 225-2190 
Georgia,8,Scott,Austin,Georgia 8th ,R ,2417 RHOB ,(202) 225-6531 
Georgia,13,Scott,David,Georgia 13th ,D ,468 CHOB ,(202) 225-2939 
Virginia,3,Scott,Robert C.,Virginia 3rd ,D ,2328 RHOB ,(202) 225-8351 
Texas,17,Sessions,Pete,Texas 17th ,R ,2204 RHOB ,(202) 225-6105 
Alabama,7,Sewell,Terri A.,Alabama 7th ,D ,2201 RHOB ,(202) 225-2665 
California,30,Sherman,Brad,California 30th ,D ,2181 RHOB ,(202) 225-5911 
New Jersey,11,Sherrill,Mikie,New Jersey 11th ,D ,1414 LHOB ,(202) 225-5034 
Idaho,2,Simpson,Mike,Idaho 2nd ,R ,2084 RHOB ,(202) 225-5531 
New Jersey,8,Sires,Albio,New Jersey 8th ,D ,2268 RHOB ,(202) 225-7919 
Michigan,8,Slotkin,Elissa,Michigan 8th ,D ,1210 LHOB ,(202) 225-4872 
Washington,9,Smith,Adam,Washington 9th ,D ,2264 RHOB ,(202) 225-8901 
Nebraska,3,Smith,Adrian,Nebraska 3rd ,R ,502 CHOB ,(202) 225-6435 
New Jersey,4,Smith,Chris,New Jersey 4th ,R ,2373 RHOB ,(202) 225-3765 
Missouri,8,Smith,Jason,Missouri 8th ,R ,2418 RHOB ,(202) 225-4404 
Pennsylvania,11,Smucker,Lloyd,Pennsylvania 11th ,R ,302 CHOB ,(202) 225-2411 
Florida,9,Soto,Darren,Florida 9th ,D ,2353 RHOB ,(202) 225-9889 
Virginia,7,Spanberger,Abigail,Virginia 7th ,D ,1431 LHOB ,(202) 225-2815 
Indiana,5,Spartz,Victoria,Indiana 5th ,R ,1523 LHOB ,(202) 225-2276 
California,14,Speier,Jackie,California 14th ,D ,2465 RHOB ,(202) 225-3531 
New Mexico,1,Stansbury,Melanie Ann,New Mexico 1st ,D ,1421 LHOB ,(202) 225-6316 
Arizona,9,Stanton,Greg,Arizona 9th ,D ,207 CHOB ,(202) 225-9888 
Minnesota,8,Stauber,Pete,Minnesota 8th ,R ,461 CHOB ,(202) 225-6211 
California,48,Steel,Michelle,California 48th ,R ,1113 LHOB ,(202) 225-2415 
New York,21,Stefanik,Elise,New York 21st ,R ,2211 RHOB ,(202) 225-4611 
Wisconsin,1,Steil,Bryan,Wisconsin 1st ,R ,1526 LHOB ,(202) 225-3031 
Florida,17,Steube,W. Gregory,Florida 17th ,R ,2457 RHOB ,(202) 225-5792 
Michigan,11,Stevens,Haley,Michigan 11th ,D ,1510 LHOB ,(202) 225-8171 
Utah,2,Stewart,Chris,Utah 2nd ,R ,166 CHOB ,(202) 225-9730 
Ohio,15,Stivers,Steve,Ohio 15th ,- Vacancy ,2234 RHOB ,(202) 225-2015 
Washington,10,Strickland,Marilyn,Washington 10th ,D ,1004 LHOB ,(202) 225-9740 
New York,3,Suozzi,Thomas,New York 3rd ,D ,407 CHOB ,(202) 225-3335 
California,15,Swalwell,Eric,California 15th ,D ,174 CHOB ,(202) 225-5065 
California,41,Takano,Mark,California 41st ,D ,420 CHOB ,(202) 225-2305 
Texas,3,Taylor,Van,Texas 3rd ,R ,1404 LHOB ,(202) 225-4201 
New York,22,Tenney,Claudia,New York 22nd ,R ,1410 LHOB ,(202) 225-3665 
Mississippi,2,Thompson,Bennie G.,Mississippi 2nd ,D ,2466 RHOB ,(202) 225-5876 
Pennsylvania,15,Thompson,Glenn,Pennsylvania 15th ,R ,400 CHOB ,(202) 225-5121 
California,5,Thompson,Mike,California 5th ,D ,268 CHOB ,(202) 225-3311 
Wisconsin,7,Tiffany,Thomas P.,Wisconsin 7th ,R ,1719 LHOB ,(202) 225-3365 
South Carolina,4,Timmons,William,South Carolina 4th ,R ,267 CHOB ,(202) 225-6030 
Nevada,1,Titus,Dina,Nevada 1st ,D ,2464 RHOB ,(202) 225-5965 
Michigan,13,Tlaib,Rashida,Michigan 13th ,D ,1628 LHOB ,(202) 225-5126 
New York,20,Tonko,Paul D.,New York 20th ,D ,2369 RHOB ,(202) 225-5076 
California,35,Torres,Norma,California 35th ,D ,2227 RHOB ,(202) 225-6161 
New York,15,Torres,Ritchie,New York 15th ,D ,317 CHOB ,(202) 225-4361 
Massachusetts,3,Trahan,Lori,Massachusetts 3rd ,D ,2439 RHOB ,(202) 225-3411 
Maryland,6,Trone,David,Maryland 6th ,D ,1110 LHOB ,(202) 225-2721 
Ohio,10,Turner,Michael,Ohio 10th ,R ,2082 RHOB ,(202) 225-6465 
Illinois,14,Underwood,Lauren,Illinois 14th ,D ,1130 LHOB ,(202) 225-2976 
Michigan,6,Upton,Fred,Michigan 6th ,R ,2183 RHOB ,(202) 225-3761 
California,21,Valadao,David G.,California 21st ,R ,1728 LHOB ,(202) 225-4695 
New Jersey,2,Van Drew,Jefferson,New Jersey 2nd ,R ,2447 RHOB ,(202) 225-6572 
Texas,24,Van Duyne,Beth,Texas 24th ,R ,1337 LHOB ,(202) 225-6605 
California,51,Vargas,Juan,California 51st ,D ,2244 RHOB ,(202) 225-8045 
Texas,33,Veasey,Marc,Texas 33rd ,D ,2348 RHOB ,(202) 225-9897 
Texas,34,Vela,Filemon,Texas 34th ,D ,307 CHOB ,(202) 225-9901 
New York,7,Velázquez,Nydia M.,New York 7th ,D ,2302 RHOB ,(202) 225-2361 
Missouri,2,Wagner,Ann,Missouri 2nd ,R ,2350 RHOB ,(202) 225-1621 
Michigan,7,Walberg,Tim,Michigan 7th ,R ,2266 RHOB ,(202) 225-6276 
Indiana,2,Walorski,Jackie,Indiana 2nd ,R ,466 CHOB ,(202) 225-3915 
Florida,6,Waltz,Michael,Florida 6th ,R ,213 CHOB ,(202) 225-2706 
Florida,23,Wasserman Schultz,Debbie,Florida 23rd ,D ,1114 LHOB ,(202) 225-7931 
California,43,Waters,Maxine,California 43rd ,D ,2221 RHOB ,(202) 225-2201 
New Jersey,12,Watson Coleman,Bonnie,New Jersey 12th ,D ,168 CHOB ,(202) 225-5801 
Texas,14,Weber,Randy,Texas 14th ,R ,107 CHOB ,(202) 225-2831 
Florida,11,Webster,Daniel,Florida 11th ,R ,2184 RHOB ,(202) 225-1002 
Vermont,At Large,Welch,Peter,Vermont At Large ,D ,2187 RHOB ,(202) 225-4115 
Ohio,2,Wenstrup,Brad,Ohio 2nd ,R ,2419 RHOB ,(202) 225-3164 
Arkansas,4,Westerman,Bruce,Arkansas 4th ,R ,202 CHOB ,(202) 225-3772 
Virginia,10,Wexton,Jennifer,Virginia 10th ,D ,1217 LHOB ,(202) 225-5136 
Pennsylvania,7,Wild,Susan,Pennsylvania 7th ,D ,1027 LHOB ,(202) 225-6411 
Georgia,5,Williams,Nikema,Georgia 5th ,D ,1406 LHOB ,(202) 225-3801 
Texas,25,Williams,Roger,Texas 25th ,R ,1708 LHOB ,(202) 225-9896 
Florida,24,Wilson,Frederica,Florida 24th ,D ,2445 RHOB ,(202) 225-4506 
South Carolina,2,Wilson,Joe,South Carolina 2nd ,R ,1436 LHOB ,(202) 225-2452 
Virginia,1,Wittman,Robert J.,Virginia 1st ,R ,2055 RHOB ,(202) 225-4261 
Arkansas,3,Womack,Steve,Arkansas 3rd ,R ,2412 RHOB ,(202) 225-4301 
Kentucky,3,Yarmuth,John A.,Kentucky 3rd ,D ,402 CHOB ,(202) 225-5401 
Alaska,At Large,Young,Don,Alaska At Large ,R ,2314 RHOB ,(202) 225-5765 
New York,1,Zeldin,Lee,New York 1st ,R ,2441 RHOB ,(202) 225-3826 
